feature,coefficient
PodiumRate,59.207697398083944
AvgPoints,23.935709342262
DNFRate,16.70788497732317
AvgFinish,0.4878307084758807
PrevYearPodiums,0.3477799778205573
AvgGrid,0.1617376066046681
PrevYearPoints,0.08147369380401548
RollingAvgPoints,-0.03575790660668243
AvgPositionChange,-0.32609310186910023
WinRate,-7.715020819235566
RollingPodiumRate,-70.48635128508978
