train_rmse,test_rmse,train_r2,test_r2,test_mae,cv_r2_mean,cv_r2_std
2.8897020666045776,14.657378828812798,0.9995444044737019,0.9749798810557646,7.426957817896069,0.9934773482892488,0.0030469134713492388
